track_rank,track_id,track_name,artists,track_duration,track_is_explicit,track_popularity,album_id,album_name,album_release_year,album_type,artist_name,artist_name_others,artist_id,artist_id_others,track_danceability,track_energy,track_key,track_loudness,track_mode,track_speechiness,track_acousticness,track_instrumentalness,track_liveness,track_valence,artist_popularity,artist_followers,artist_genre,artist_genre_others
1,1IWYEJtR17xxPwJ3vuxsh6,We Gon Ride,"[{'external_urls': {'spotify': 'https://open.spotify.com/artist/7gWumE1wMALHXANLSIt054'}, 'href': 'https://api.spotify.com/v1/artists/7gWumE1wMALHXANLSIt054', 'id': '7gWumE1wMALHXANLSIt054', 'name': 'Dreezy', 'type': 'artist', 'uri': 'spotify:artist:7gWumE1wMALHXANLSIt054'}, {'external_urls': {'spotify': 'https://open.spotify.com/artist/13y7CgLHjMVRMDqxdx0Xdo'}, 'href': 'https://api.spotify.com/v1/artists/13y7CgLHjMVRMDqxdx0Xdo', 'id': '13y7CgLHjMVRMDqxdx0Xdo', 'name': 'Gucci Mane', 'type': 'artist', 'uri': 'spotify:artist:13y7CgLHjMVRMDqxdx0Xdo'}]",3.744,True,35,5D8kaq2gEsI1zaha675eIy,No Hard Feelings,2016,album,Dreezy,Gucci Mane,7gWumE1wMALHXANLSIt054,13y7CgLHjMVRMDqxdx0Xdo,0.712,0.644,1,-6.585,1,0.13,0.0193,0.000189,0.0917,0.253,54,681397,alternative r&b,"chicago rap, drill, escape room, hip pop, pop r&b, r&b, trap queen, viral rap"
2,4V9ynsDPwHtdItksqjuRu0,Brand New Draco,"[{'external_urls': {'spotify': 'https://open.spotify.com/artist/1URnnhqYAYcrqrcwql10ft'}, 'href': 'https://api.spotify.com/v1/artists/1URnnhqYAYcrqrcwql10ft', 'id': '1URnnhqYAYcrqrcwql10ft', 'name': '21 Savage', 'type': 'artist', 'uri': 'spotify:artist:1URnnhqYAYcrqrcwql10ft'}, {'external_urls': {'spotify': 'https://open.spotify.com/artist/0iEtIxbK0KxaSlF7G42ZOp'}, 'href': 'https://api.spotify.com/v1/artists/0iEtIxbK0KxaSlF7G42ZOp', 'id': '0iEtIxbK0KxaSlF7G42ZOp', 'name': 'Metro Boomin', 'type': 'artist', 'uri': 'spotify:artist:0iEtIxbK0KxaSlF7G42ZOp'}]",3.373666666666667,True,66,6wTyGUWGCilBFZ837k5aRi,SAVAGE MODE II,2020,album,21 Savage,Metro Boomin,1URnnhqYAYcrqrcwql10ft,0iEtIxbK0KxaSlF7G42ZOp,0.697,0.709,11,-6.642,0,0.298,0.041,0.000296,0.0886,0.439,94,12345619,atl hip hop,rap
24,6pcywuOeGGWeOQzdUyti6k,Glock In My Lap,"[{'external_urls': {'spotify': 'https://open.spotify.com/artist/1URnnhqYAYcrqrcwql10ft'}, 'href': 'https://api.spotify.com/v1/artists/1URnnhqYAYcrqrcwql10ft', 'id': '1URnnhqYAYcrqrcwql10ft', 'name': '21 Savage', 'type': 'artist', 'uri': 'spotify:artist:1URnnhqYAYcrqrcwql10ft'}, {'external_urls': {'spotify': 'https://open.spotify.com/artist/0iEtIxbK0KxaSlF7G42ZOp'}, 'href': 'https://api.spotify.com/v1/artists/0iEtIxbK0KxaSlF7G42ZOp', 'id': '0iEtIxbK0KxaSlF7G42ZOp', 'name': 'Metro Boomin', 'type': 'artist', 'uri': 'spotify:artist:0iEtIxbK0KxaSlF7G42ZOp'}]",3.2265166666666665,True,84,6wTyGUWGCilBFZ837k5aRi,SAVAGE MODE II,2020,album,21 Savage,Metro Boomin,1URnnhqYAYcrqrcwql10ft,0iEtIxbK0KxaSlF7G42ZOp,0.847,0.733,10,-6.439,0,0.16,0.00574,1.04e-05,0.151,0.202,94,12345619,atl hip hop,rap
3,7yn7I3kHSr19pwLGUwE7f1,C-R-E-W,"[{'external_urls': {'spotify': 'https://open.spotify.com/artist/6D96m0U03CqX1KdjAwZjm6'}, 'href': 'https://api.spotify.com/v1/artists/6D96m0U03CqX1KdjAwZjm6', 'id': '6D96m0U03CqX1KdjAwZjm6', 'name': 'Village', 'type': 'artist', 'uri': 'spotify:artist:6D96m0U03CqX1KdjAwZjm6'}]",3.42885,False,56,5srAxFctrEmD33xL1H0L4P,C-R-E-W,2018,album,Village,,6D96m0U03CqX1KdjAwZjm6,,0.623,0.82,8,-7.656,1,0.0582,0.00896,0.0516,0.151,0.133,47,10352,future bass,"neurostep, new french touch, vapor soul, vapor twitch"
4,1VccakS3c7IZSZlkKsFOwD,HR 8938 Cephei,"[{'external_urls': {'spotify': 'https://open.spotify.com/artist/2CIMQHirSU0MQqyYHq0eOx'}, 'href': 'https://api.spotify.com/v1/artists/2CIMQHirSU0MQqyYHq0eOx', 'id': '2CIMQHirSU0MQqyYHq0eOx', 'name': 'deadmau5', 'type': 'artist', 'uri': 'spotify:artist:2CIMQHirSU0MQqyYHq0eOx'}]",10.811016666666667,False,32,64oxIrPosCNuF1dI2d8ARb,HR 8938 Cephei,2011,album,deadmau5,,2CIMQHirSU0MQqyYHq0eOx,,0.694,0.659,1,-13.304,0,0.0362,0.0469,0.871,0.0964,0.0338,69,2764387,canadian electronic,"edm, electro house, pop dance, progressive house"
35,5ufaAwg46yyNGdgkDz987H,luxuria (ov) - Tinlicker Remix,"[{'external_urls': {'spotify': 'https://open.spotify.com/artist/2CIMQHirSU0MQqyYHq0eOx'}, 'href': 'https://api.spotify.com/v1/artists/2CIMQHirSU0MQqyYHq0eOx', 'id': '2CIMQHirSU0MQqyYHq0eOx', 'name': 'deadmau5', 'type': 'artist', 'uri': 'spotify:artist:2CIMQHirSU0MQqyYHq0eOx'}, {'external_urls': {'spotify': 'https://open.spotify.com/artist/5EmEZjq8eHEC6qFnT63Lza'}, 'href': 'https://api.spotify.com/v1/artists/5EmEZjq8eHEC6qFnT63Lza', 'id': '5EmEZjq8eHEC6qFnT63Lza', 'name': 'Tinlicker', 'type': 'artist', 'uri': 'spotify:artist:5EmEZjq8eHEC6qFnT63Lza'}]",6.9064,False,36,4sfJkir9qAPD7UqzG3z3uV,here's the drop!,2019,album,deadmau5,Tinlicker,2CIMQHirSU0MQqyYHq0eOx,5EmEZjq8eHEC6qFnT63Lza,0.562,0.917,9,-6.196,0,0.0351,0.00027,0.935,0.0653,0.0681,69,2764387,canadian electronic,"edm, electro house, pop dance, progressive house"
5,2RB8WxKeQZ0IwQ1h2NZG1V,Hold Me Up - Live 2020,"[{'external_urls': {'spotify': 'https://open.spotify.com/artist/6LHsnRBUYhFyt01PdKXAF5'}, 'href': 'https://api.spotify.com/v1/artists/6LHsnRBUYhFyt01PdKXAF5', 'id': '6LHsnRBUYhFyt01PdKXAF5', 'name': 'Bob Moses', 'type': 'artist', 'uri': 'spotify:artist:6LHsnRBUYhFyt01PdKXAF5'}]",2.4,False,21,0N1KUVKv32c0QdvcVfGExE,Falling into Focus (Live 2020),2020,album,Bob Moses,,6LHsnRBUYhFyt01PdKXAF5,,0.611,0.889,2,-7.775,0,0.126,0.0459,0.482,0.119,0.0706,61,322771,canadian electronic,"canadian house, edm"
6,1DAR4tG7BNcrRIZDOM2YSV,Blunt Sword (feat. GN),"[{'external_urls': {'spotify': 'https://open.spotify.com/artist/6ZHeg2Op5ZkNppXbNLSglj'}, 'href': 'https://api.spotify.com/v1/artists/6ZHeg2Op5ZkNppXbNLSglj', 'id': '6ZHeg2Op5ZkNppXbNLSglj', 'name': 'Willaris. K', 'type': 'artist', 'uri': 'spotify:artist:6ZHeg2Op5ZkNppXbNLSglj'}, {'external_urls': {'spotify': 'https://open.spotify.com/artist/7wyg5nKOYTihAHE1iBtAa7'}, 'href': 'https://api.spotify.com/v1/artists/7wyg5nKOYTihAHE1iBtAa7', 'id': '7wyg5nKOYTihAHE1iBtAa7', 'name': 'GN', 'type': 'artist', 'uri': 'spotify:artist:7wyg5nKOYTihAHE1iBtAa7'}]",4.136516666666667,False,6,72FEwgKh5LI4PcSeQuXj7u,Full Noise,2020,album,Willaris. K,GN,6ZHeg2Op5ZkNppXbNLSglj,7wyg5nKOYTihAHE1iBtAa7,0.725,0.654,8,-9.081,1,0.2,0.295,0.916,0.105,0.39,34,17750,aussietronica,
14,7m3b3cy2nRSeIGuD1k4Ccv,Dour Nights,"[{'external_urls': {'spotify': 'https://open.spotify.com/artist/6ZHeg2Op5ZkNppXbNLSglj'}, 'href': 'https://api.spotify.com/v1/artists/6ZHeg2Op5ZkNppXbNLSglj', 'id': '6ZHeg2Op5ZkNppXbNLSglj', 'name': 'Willaris. K', 'type': 'artist', 'uri': 'spotify:artist:6ZHeg2Op5ZkNppXbNLSglj'}]",5.19725,False,3,7AebBhH8sP7dUAw1yJmiXb,Alchemy,2018,album,Willaris. K,,6ZHeg2Op5ZkNppXbNLSglj,,0.629,0.863,9,-6.99,0,0.0376,0.244,0.231,0.0903,0.04,34,17750,aussietronica,
7,5IQynlcf86jvfQYj2UkYXJ,Strained Are We,"[{'external_urls': {'spotify': 'https://open.spotify.com/artist/450wFwmuEK6ytahAaWlhbX'}, 'href': 'https://api.spotify.com/v1/artists/450wFwmuEK6ytahAaWlhbX', 'id': '450wFwmuEK6ytahAaWlhbX', 'name': 'UNDERHER', 'type': 'artist', 'uri': 'spotify:artist:450wFwmuEK6ytahAaWlhbX'}]",7.0674166666666665,False,31,7I7HkWDAGmsNIrDpkH3pAI,Dark Souls EP,2018,album,UNDERHER,,450wFwmuEK6ytahAaWlhbX,,0.591,0.473,0,-12.192,0,0.0389,0.00461,0.313,0.0846,0.193,34,9277,canadian electronic,organic house
8,6myUpr3GDR80Dg3zqNTmmG,Another Day,"[{'external_urls': {'spotify': 'https://open.spotify.com/artist/0fA0VVWsXO9YnASrzqfmYu'}, 'href': 'https://api.spotify.com/v1/artists/0fA0VVWsXO9YnASrzqfmYu', 'id': '0fA0VVWsXO9YnASrzqfmYu', 'name': 'Kid Cudi', 'type': 'artist', 'uri': 'spotify:artist:0fA0VVWsXO9YnASrzqfmYu'}]",3.3297666666666665,True,60,64nbgEEIcY4g1ElVLONJ0w,Man On The Moon III: The Chosen,2020,album,Kid Cudi,,0fA0VVWsXO9YnASrzqfmYu,,0.646,0.758,4,-7.75,0,0.0708,0.556,0.00316,0.335,0.0642,82,6211700,hip hop,"ohio hip hop, rap"
9,0ni6gy2AF4y1XSMEmC9aiW,Earth Death,"[{'external_urls': {'spotify': 'https://open.spotify.com/artist/5zS8r5hRRk1jzD41yYS1NO'}, 'href': 'https://api.spotify.com/v1/artists/5zS8r5hRRk1jzD41yYS1NO', 'id': '5zS8r5hRRk1jzD41yYS1NO', 'name': 'Baths', 'type': 'artist', 'uri': 'spotify:artist:5zS8r5hRRk1jzD41yYS1NO'}]",4.564016666666666,False,41,4niKC11eq7dRXiDVWsTdEy,Obsidian,2013,album,Baths,,5zS8r5hRRk1jzD41yYS1NO,,0.399,0.588,1,-10.683,1,0.109,0.00141,0.822,0.255,0.0978,40,154232,chillwave,
10,7rSh8WSPh4zifaqKANvytH,Convex Mirror,"[{'external_urls': {'spotify': 'https://open.spotify.com/artist/0ygIgsjUzKivFgxgjQ9iV9'}, 'href': 'https://api.spotify.com/v1/artists/0ygIgsjUzKivFgxgjQ9iV9', 'id': '0ygIgsjUzKivFgxgjQ9iV9', 'name': 'Jacques Greene', 'type': 'artist', 'uri': 'spotify:artist:0ygIgsjUzKivFgxgjQ9iV9'}]",4.655883333333334,False,10,30qym0cahQkHnaqdo3g0jq,Fever Focus,2018,album,Jacques Greene,,0ygIgsjUzKivFgxgjQ9iV9,,0.793,0.543,9,-8.54,0,0.0481,0.000188,0.00767,0.0597,0.291,41,83407,canadian electronic,"electronica, float house, future garage, uk bass, wonky"
11,6Ab81Bs9fcOwaTYuBsUUpI,Eazy,"[{'external_urls': {'spotify': 'https://open.spotify.com/artist/0NbfKEOTQCcwd6o7wSDOHI'}, 'href': 'https://api.spotify.com/v1/artists/0NbfKEOTQCcwd6o7wSDOHI', 'id': '0NbfKEOTQCcwd6o7wSDOHI', 'name': 'The Game', 'type': 'artist', 'uri': 'spotify:artist:0NbfKEOTQCcwd6o7wSDOHI'}, {'external_urls': {'spotify': 'https://open.spotify.com/artist/5K4W6rqBFWDnAN6FQUkS6x'}, 'href': 'https://api.spotify.com/v1/artists/5K4W6rqBFWDnAN6FQUkS6x', 'id': '5K4W6rqBFWDnAN6FQUkS6x', 'name': 'Kanye West', 'type': 'artist', 'uri': 'spotify:artist:5K4W6rqBFWDnAN6FQUkS6x'}]",3.9048,True,65,26LYxs49CqC9WUZWiEK3jT,Eazy,2022,album,The Game,Kanye West,0NbfKEOTQCcwd6o7wSDOHI,5K4W6rqBFWDnAN6FQUkS6x,0.716,0.551,1,-6.987,1,0.47,0.167,0.0,0.197,0.305,74,4334671,gangster rap,"hip hop, pop rap, rap, southern hip hop"
12,0K5tCOHMG1GN4HsBTOljKm,Famous Monsters,"[{'external_urls': {'spotify': 'https://open.spotify.com/artist/4tOVIRjlWWfR1RrAxyRqTE'}, 'href': 'https://api.spotify.com/v1/artists/4tOVIRjlWWfR1RrAxyRqTE', 'id': '4tOVIRjlWWfR1RrAxyRqTE', 'name': 'Chromatics', 'type': 'artist', 'uri': 'spotify:artist:4tOVIRjlWWfR1RrAxyRqTE'}]",6.6211,False,35,2TMoP7QgyGeRuortBdbOuQ,Famous Monsters,2020,album,Chromatics,,4tOVIRjlWWfR1RrAxyRqTE,,0.734,0.696,10,-7.852,0,0.0337,0.000872,0.193,0.104,0.444,54,391781,alternative dance,"art pop, chillwave, dream pop, electronica, electropop, modern dream pop, neo-synthpop, new rave"
13,0mWm3UJ86HJ45f5cOGCVS5,Disclosure,"[{'external_urls': {'spotify': 'https://open.spotify.com/artist/4fTXkZaiJh5qhFfy1M1ixN'}, 'href': 'https://api.spotify.com/v1/artists/4fTXkZaiJh5qhFfy1M1ixN', 'id': '4fTXkZaiJh5qhFfy1M1ixN', 'name': 'Garden State', 'type': 'artist', 'uri': 'spotify:artist:4fTXkZaiJh5qhFfy1M1ixN'}]",7.45275,False,9,2JM7An4CU9Dxa78JyFuXrk,Devotion,2022,album,Garden State,,4fTXkZaiJh5qhFfy1M1ixN,,0.775,0.633,4,-11.74,0,0.0655,0.0824,0.884,0.109,0.111,4,240,,
15,70WSr32oW4jC1na5I0j0D6,Anemone,"[{'external_urls': {'spotify': 'https://open.spotify.com/artist/30uiS1n3uIGXJEYFR1GVDy'}, 'href': 'https://api.spotify.com/v1/artists/30uiS1n3uIGXJEYFR1GVDy', 'id': '30uiS1n3uIGXJEYFR1GVDy', 'name': 'The Brian Jonestown Massacre', 'type': 'artist', 'uri': 'spotify:artist:30uiS1n3uIGXJEYFR1GVDy'}]",5.574433333333333,False,61,4kXc4XcGYOpHpXRlWq1RFi,Their Satanic Majesties' Second Request,2008,album,The Brian Jonestown Massacre,,30uiS1n3uIGXJEYFR1GVDy,,0.527,0.636,5,-12.888,0,0.0347,0.0599,0.843,0.204,0.607,54,313845,alternative rock,"bay area indie, chamber psych, neo-psychedelic, shoegaze"
16,43b2628rQP5kzczgGhlAwB,Send Help,"[{'external_urls': {'spotify': 'https://open.spotify.com/artist/6y80I9YZi4DOpbaSUlL725'}, 'href': 'https://api.spotify.com/v1/artists/6y80I9YZi4DOpbaSUlL725', 'id': '6y80I9YZi4DOpbaSUlL725', 'name': 'Shlohmo', 'type': 'artist', 'uri': 'spotify:artist:6y80I9YZi4DOpbaSUlL725'}]",4.373983333333333,False,9,3yErke3EaUGWPPfZ01aUkF,Rock Music,2019,album,Shlohmo,,6y80I9YZi4DOpbaSUlL725,,0.695,0.66,0,-5.187,1,0.0395,0.0709,0.786,0.0796,0.0384,48,237633,downtempo,"electronica, glitch, uk bass, wonky"
17,1oFyPsdBswNz7HZmmRbJdm,Real Talk,"[{'external_urls': {'spotify': 'https://open.spotify.com/artist/2NjfafEappzvGGGDdMRJMP'}, 'href': 'https://api.spotify.com/v1/artists/2NjfafEappzvGGGDdMRJMP', 'id': '2NjfafEappzvGGGDdMRJMP', 'name': 'Azizi Gibson', 'type': 'artist', 'uri': 'spotify:artist:2NjfafEappzvGGGDdMRJMP'}]",3.196283333333333,True,23,2Vcn7U58G6GqqG5rwaaas9,Chimera Act,2019,album,Azizi Gibson,,2NjfafEappzvGGGDdMRJMP,,0.433,0.566,5,-6.047,0,0.338,0.0239,2.57e-05,0.868,0.701,52,146469,dark trap,underground hip hop
36,3AOWJL0pXcn2cNa7vACXOm,Intro,"[{'external_urls': {'spotify': 'https://open.spotify.com/artist/2NjfafEappzvGGGDdMRJMP'}, 'href': 'https://api.spotify.com/v1/artists/2NjfafEappzvGGGDdMRJMP', 'id': '2NjfafEappzvGGGDdMRJMP', 'name': 'Azizi Gibson', 'type': 'artist', 'uri': 'spotify:artist:2NjfafEappzvGGGDdMRJMP'}]",3.5957,True,0,6VTxfTTsn6eAbwA43VYXGR,preHISTORIC Till Death,2016,album,Azizi Gibson,,2NjfafEappzvGGGDdMRJMP,,0.472,0.466,8,-8.568,1,0.0815,0.00501,0.467,0.0895,0.0542,52,146469,dark trap,underground hip hop
50,6qZffcM97ZL29kLwn3LiJ9,5 Page Letter,"[{'external_urls': {'spotify': 'https://open.spotify.com/artist/2NjfafEappzvGGGDdMRJMP'}, 'href': 'https://api.spotify.com/v1/artists/2NjfafEappzvGGGDdMRJMP', 'id': '2NjfafEappzvGGGDdMRJMP', 'name': 'Azizi Gibson', 'type': 'artist', 'uri': 'spotify:artist:2NjfafEappzvGGGDdMRJMP'}]",2.9727,True,10,1CQrYP9ZgCHRmhbfl5RXN6,5 Page Letter,2019,album,Azizi Gibson,,2NjfafEappzvGGGDdMRJMP,,0.87,0.448,1,-11.995,1,0.0678,0.186,0.183,0.313,0.383,52,146469,dark trap,underground hip hop
18,6EDO9iiTtwNv6waLwa1UUq,POPSTAR (feat. Drake),"[{'external_urls': {'spotify': 'https://open.spotify.com/artist/0QHgL1lAIqAw0HtD7YldmP'}, 'href': 'https://api.spotify.com/v1/artists/0QHgL1lAIqAw0HtD7YldmP', 'id': '0QHgL1lAIqAw0HtD7YldmP', 'name': 'DJ Khaled', 'type': 'artist', 'uri': 'spotify:artist:0QHgL1lAIqAw0HtD7YldmP'}, {'external_urls': {'spotify': 'https://open.spotify.com/artist/3TVXtAsR1Inumwj472S9r4'}, 'href': 'https://api.spotify.com/v1/artists/3TVXtAsR1Inumwj472S9r4', 'id': '3TVXtAsR1Inumwj472S9r4', 'name': 'Drake', 'type': 'artist', 'uri': 'spotify:artist:3TVXtAsR1Inumwj472S9r4'}]",3.3370166666666665,True,74,5nNtpPsSUgb9Hlb3dF1gXa,POPSTAR (feat. Drake),2020,album,DJ Khaled,Drake,0QHgL1lAIqAw0HtD7YldmP,3TVXtAsR1Inumwj472S9r4,0.8,0.56,5,-4.818,0,0.261,0.057,0.0,0.134,0.45,79,8886196,hip hop,"miami hip hop, pop rap, rap, southern hip hop, trap"
19,01dZ1jkH4jGvlwSI7SOzLR,A Hymn,"[{'external_urls': {'spotify': 'https://open.spotify.com/artist/75mafsNqNE1WSEVxIKuY5C'}, 'href': 'https://api.spotify.com/v1/artists/75mafsNqNE1WSEVxIKuY5C', 'id': '75mafsNqNE1WSEVxIKuY5C', 'name': 'IDLES', 'type': 'artist', 'uri': 'spotify:artist:75mafsNqNE1WSEVxIKuY5C'}]",5.311566666666667,False,35,0ojQHzflxMs6SfvBBkRKt6,Ultra Mono,2020,album,IDLES,,75mafsNqNE1WSEVxIKuY5C,,0.502,0.606,7,-8.581,1,0.0331,0.03,0.373,0.111,0.037,60,498786,bristol indie,modern rock
20,1BBc8WHLCPg8k2M6SeC9am,All of a Sudden (feat. THEMXXNLIGHT),"[{'external_urls': {'spotify': 'https://open.spotify.com/artist/137W8MRPWKqSmrBGDBFSop'}, 'href': 'https://api.spotify.com/v1/artists/137W8MRPWKqSmrBGDBFSop', 'id': '137W8MRPWKqSmrBGDBFSop', 'name': 'Wiz Khalifa', 'type': 'artist', 'uri': 'spotify:artist:137W8MRPWKqSmrBGDBFSop'}, {'external_urls': {'spotify': 'https://open.spotify.com/artist/7crF48BmAnNaoNU8QPVld0'}, 'href': 'https://api.spotify.com/v1/artists/7crF48BmAnNaoNU8QPVld0', 'id': '7crF48BmAnNaoNU8QPVld0', 'name': 'THEMXXNLIGHT', 'type': 'artist', 'uri': 'spotify:artist:7crF48BmAnNaoNU8QPVld0'}]",3.63755,True,39,0YFou4SbS16F4GhSADLDfz,Rolling Papers 2,2018,album,Wiz Khalifa,THEMXXNLIGHT,137W8MRPWKqSmrBGDBFSop,7crF48BmAnNaoNU8QPVld0,0.69,0.572,4,-9.71,0,0.174,0.293,2.05e-06,0.12,0.396,83,10836127,dance pop,"hip hop, pittsburgh rap, pop rap, rap, southern hip hop, trap"
21,6Axm9F42ba7Ygnl00jnmae,The Reflecting Pool,"[{'external_urls': {'spotify': 'https://open.spotify.com/artist/3s596fAjCmoXEGdAZLy8EW'}, 'href': 'https://api.spotify.com/v1/artists/3s596fAjCmoXEGdAZLy8EW', 'id': '3s596fAjCmoXEGdAZLy8EW', 'name': 'delving', 'type': 'artist', 'uri': 'spotify:artist:3s596fAjCmoXEGdAZLy8EW'}]",9.500433333333334,False,34,2KG51JDtjZGfxM2usME9SM,Hirschbrunnen,2021,album,delving,,3s596fAjCmoXEGdAZLy8EW,,0.255,0.485,2,-12.931,0,0.0337,0.0632,0.846,0.151,0.0389,26,5165,,
22,6N2bJFZS6cAsmFspHz8xIf,THE DRAKE,"[{'external_urls': {'spotify': 'https://open.spotify.com/artist/6VTvaLJ9arNmKi8e1ekOwW'}, 'href': 'https://api.spotify.com/v1/artists/6VTvaLJ9arNmKi8e1ekOwW', 'id': '6VTvaLJ9arNmKi8e1ekOwW', 'name': 'cleopatrick', 'type': 'artist', 'uri': 'spotify:artist:6VTvaLJ9arNmKi8e1ekOwW'}]",3.4656833333333332,True,33,5wxOooo49L2xdM6EOWAhIy,THE DRAKE,2021,album,cleopatrick,,6VTvaLJ9arNmKi8e1ekOwW,,0.388,0.852,6,-7.826,1,0.053,0.000142,0.839,0.939,0.355,54,179234,modern alternative rock,"modern rock, rock"
23,6dsoPBbMuUodSUvhRW7Vr4,Alone (feat. FEMME),"[{'external_urls': {'spotify': 'https://open.spotify.com/artist/532SqCIYmJyXEdEiCJLgYG'}, 'href': 'https://api.spotify.com/v1/artists/532SqCIYmJyXEdEiCJLgYG', 'id': '532SqCIYmJyXEdEiCJLgYG', 'name': 'Cristoph', 'type': 'artist', 'uri': 'spotify:artist:532SqCIYmJyXEdEiCJLgYG'}, {'external_urls': {'spotify': 'https://open.spotify.com/artist/2lcT6qkYGkmQQ3KCU5BW9K'}, 'href': 'https://api.spotify.com/v1/artists/2lcT6qkYGkmQQ3KCU5BW9K', 'id': '2lcT6qkYGkmQQ3KCU5BW9K', 'name': 'FEMME', 'type': 'artist', 'uri': 'spotify:artist:2lcT6qkYGkmQQ3KCU5BW9K'}]",3.7539,False,61,0WJsan45K0BcQbJiM5SdEN,Alone (feat. FEMME),2016,album,Cristoph,FEMME,532SqCIYmJyXEdEiCJLgYG,2lcT6qkYGkmQQ3KCU5BW9K,0.675,0.674,10,-11.037,0,0.0413,0.0058,0.901,0.11,0.317,55,51773,house,progressive house
25,1Ei1qFCo7Jf4eUSEvvzipa,River In The Road,"[{'external_urls': {'spotify': 'https://open.spotify.com/artist/4pejUc4iciQfgdX6OKulQn'}, 'href': 'https://api.spotify.com/v1/artists/4pejUc4iciQfgdX6OKulQn', 'id': '4pejUc4iciQfgdX6OKulQn', 'name': 'Queens of the Stone Age', 'type': 'artist', 'uri': 'spotify:artist:4pejUc4iciQfgdX6OKulQn'}]",3.3177666666666665,False,32,64SL0QEXxulD2QgwJmJbUL,Era Vulgaris,2007,album,Queens of the Stone Age,,4pejUc4iciQfgdX6OKulQn,,0.357,0.981,11,-4.519,0,0.199,0.567,0.709,0.115,0.0376,70,3117236,alternative metal,"alternative rock, blues rock, modern rock, nu metal, palm desert scene, rock, stoner metal, stoner rock"
26,0FH4vs65tPErwViCdEMG2x,Bad Things,"[{'external_urls': {'spotify': 'https://open.spotify.com/artist/2org0PubBAxTvjVvLo9PJ0'}, 'href': 'https://api.spotify.com/v1/artists/2org0PubBAxTvjVvLo9PJ0', 'id': '2org0PubBAxTvjVvLo9PJ0', 'name': 'Cailin Russo', 'type': 'artist', 'uri': 'spotify:artist:2org0PubBAxTvjVvLo9PJ0'}]",3.6146666666666665,False,0,5NQ1bGuhdZtluBBgAKFFC0,House with a Pool,2018,album,Cailin Russo,,2org0PubBAxTvjVvLo9PJ0,,0.577,0.767,2,-5.246,1,0.0432,0.12,0.0,0.0999,0.418,54,29218,la pop,
27,6DxkodX3jHLdh6P9V02X1s,Ground Control - Live from Printworks London,"[{'external_urls': {'spotify': 'https://open.spotify.com/artist/5tDjiBYUsTqzd0RkTZxK7u'}, 'href': 'https://api.spotify.com/v1/artists/5tDjiBYUsTqzd0RkTZxK7u', 'id': '5tDjiBYUsTqzd0RkTZxK7u', 'name': 'Ben Böhmer', 'type': 'artist', 'uri': 'spotify:artist:5tDjiBYUsTqzd0RkTZxK7u'}]",4.614416666666667,False,22,02SXhQdAv0nVwbLgFNtlR0,Live from Printworks London,2020,album,Ben Böhmer,,5tDjiBYUsTqzd0RkTZxK7u,,0.536,0.707,1,-9.426,1,0.0452,0.0553,0.0111,0.136,0.0794,66,347640,,
28,7jHYiFS2lcQ76ukeHUciZK,Shot Again,"[{'external_urls': {'spotify': 'https://open.spotify.com/artist/7mDU6nMUJnOSY2Hkjz5oqM'}, 'href': 'https://api.spotify.com/v1/artists/7mDU6nMUJnOSY2Hkjz5oqM', 'id': '7mDU6nMUJnOSY2Hkjz5oqM', 'name': 'Roy Woods', 'type': 'artist', 'uri': 'spotify:artist:7mDU6nMUJnOSY2Hkjz5oqM'}]",2.5873666666666666,True,42,3JdLn9W9Nz6kkYBEYhGj6E,Shot Again,2020,album,Roy Woods,,7mDU6nMUJnOSY2Hkjz5oqM,,0.676,0.549,8,-8.318,1,0.19,0.00993,0.0,0.0955,0.157,62,938493,canadian contemporary r&b,"canadian hip hop, pop rap, r&b, trap, trap soul"
29,0Ot6qzEWZqbwxKEtehS7Lp,Gorgeous,"[{'external_urls': {'spotify': 'https://open.spotify.com/artist/0H39MdGGX6dbnnQPt6NQkZ'}, 'href': 'https://api.spotify.com/v1/artists/0H39MdGGX6dbnnQPt6NQkZ', 'id': '0H39MdGGX6dbnnQPt6NQkZ', 'name': 'SAINt JHN', 'type': 'artist', 'uri': 'spotify:artist:0H39MdGGX6dbnnQPt6NQkZ'}]",3.095,True,51,65P0Z7ydZpETo9xb8r7Cui,Gorgeous,2020,album,SAINt JHN,,0H39MdGGX6dbnnQPt6NQkZ,,0.839,0.687,0,-6.648,1,0.0493,0.0319,9.62e-06,0.2,0.281,71,912970,melodic rap,"rap, slap house, trap"
30,40iJIUlhi6renaREYGeIDS,Fair Trade (with Travis Scott),"[{'external_urls': {'spotify': 'https://open.spotify.com/artist/3TVXtAsR1Inumwj472S9r4'}, 'href': 'https://api.spotify.com/v1/artists/3TVXtAsR1Inumwj472S9r4', 'id': '3TVXtAsR1Inumwj472S9r4', 'name': 'Drake', 'type': 'artist', 'uri': 'spotify:artist:3TVXtAsR1Inumwj472S9r4'}, {'external_urls': {'spotify': 'https://open.spotify.com/artist/0Y5tJX1MQlPlqiwlOH1tJY'}, 'href': 'https://api.spotify.com/v1/artists/0Y5tJX1MQlPlqiwlOH1tJY', 'id': '0Y5tJX1MQlPlqiwlOH1tJY', 'name': 'Travis Scott', 'type': 'artist', 'uri': 'spotify:artist:0Y5tJX1MQlPlqiwlOH1tJY'}]",4.852916666666666,True,83,3SpBlxme9WbeQdI9kx7KAV,Certified Lover Boy,2021,album,Drake,Travis Scott,3TVXtAsR1Inumwj472S9r4,0Y5tJX1MQlPlqiwlOH1tJY,0.666,0.465,1,-8.545,1,0.26,0.0503,0.0,0.215,0.292,98,70105736,canadian hip hop,"canadian pop, hip hop, rap, toronto rap"
31,2rg85ggKzZz0KESBIgM4ED,Ride - SOHN Remix,"[{'external_urls': {'spotify': 'https://open.spotify.com/artist/00FQb4jTyendYWaN8pK0wa'}, 'href': 'https://api.spotify.com/v1/artists/00FQb4jTyendYWaN8pK0wa', 'id': '00FQb4jTyendYWaN8pK0wa', 'name': 'Lana Del Rey', 'type': 'artist', 'uri': 'spotify:artist:00FQb4jTyendYWaN8pK0wa'}, {'external_urls': {'spotify': 'https://open.spotify.com/artist/6XZYAWJLL8UIbxAqjKj3cg'}, 'href': 'https://api.spotify.com/v1/artists/6XZYAWJLL8UIbxAqjKj3cg', 'id': '6XZYAWJLL8UIbxAqjKj3cg', 'name': 'SOHN', 'type': 'artist', 'uri': 'spotify:artist:6XZYAWJLL8UIbxAqjKj3cg'}]",5.211766666666667,True,29,5bVmq99oba7ZBjYUk8Vp27,Ride (Remixes),2012,album,Lana Del Rey,SOHN,00FQb4jTyendYWaN8pK0wa,6XZYAWJLL8UIbxAqjKj3cg,0.515,0.529,9,-7.823,0,0.0302,0.0737,0.0891,0.143,0.0979,90,19631953,art pop,pop
32,6bKlpIYZCsbUOzHfEjcYNz,When You're Watching Me - Original Mix,"[{'external_urls': {'spotify': 'https://open.spotify.com/artist/4zPK0bsftMrzNE7XydmxEh'}, 'href': 'https://api.spotify.com/v1/artists/4zPK0bsftMrzNE7XydmxEh', 'id': '4zPK0bsftMrzNE7XydmxEh', 'name': 'Krankbrother', 'type': 'artist', 'uri': 'spotify:artist:4zPK0bsftMrzNE7XydmxEh'}]",9.428,False,35,4A3euMqHfCCHDbkYZEWIXV,When You're Watching Me,2015,album,Krankbrother,,4zPK0bsftMrzNE7XydmxEh,,0.644,0.596,5,-9.762,1,0.0469,0.00523,0.837,0.226,0.13,22,4073,deep techno,
33,5ZVX8SPn5OEeNEz68Isc16,I Can Wait,"[{'external_urls': {'spotify': 'https://open.spotify.com/artist/0wz0jO9anccPzH04N7FLBH'}, 'href': 'https://api.spotify.com/v1/artists/0wz0jO9anccPzH04N7FLBH', 'id': '0wz0jO9anccPzH04N7FLBH', 'name': 'Low', 'type': 'artist', 'uri': 'spotify:artist:0wz0jO9anccPzH04N7FLBH'}]",4.039233333333334,False,37,6S6jg2LuEwGdo9iYMSwCBS,HEY WHAT,2021,album,Low,,0wz0jO9anccPzH04N7FLBH,,0.694,0.459,0,-6.501,1,0.0565,0.763,0.000406,0.235,0.112,55,229019,alternative rock,"art pop, chamber psych, dream pop, duluth indie, indie rock, melancholia, slowcore"
47,01OXa5tVuCssU6j8TY7kxr,Words,"[{'external_urls': {'spotify': 'https://open.spotify.com/artist/0wz0jO9anccPzH04N7FLBH'}, 'href': 'https://api.spotify.com/v1/artists/0wz0jO9anccPzH04N7FLBH', 'id': '0wz0jO9anccPzH04N7FLBH', 'name': 'Low', 'type': 'artist', 'uri': 'spotify:artist:0wz0jO9anccPzH04N7FLBH'}]",5.8133333333333335,False,50,61dByu8oBt4qdym9Rkz39w,I Could Live In Hope,1994,album,Low,,0wz0jO9anccPzH04N7FLBH,,0.347,0.209,5,-15.268,1,0.0262,0.0931,0.617,0.103,0.229,55,229019,alternative rock,"art pop, chamber psych, dream pop, duluth indie, indie rock, melancholia, slowcore"
34,4a0RivUaJrSk0HZKSFlzQN,As Blue As Indigo,"[{'external_urls': {'spotify': 'https://open.spotify.com/artist/6ekYAO2D1JkI58CF4uRRqw'}, 'href': 'https://api.spotify.com/v1/artists/6ekYAO2D1JkI58CF4uRRqw', 'id': '6ekYAO2D1JkI58CF4uRRqw', 'name': 'Tigercub', 'type': 'artist', 'uri': 'spotify:artist:6ekYAO2D1JkI58CF4uRRqw'}]",2.958083333333333,False,37,3uyuxQdmh6N956P7RcOOIG,As Blue as Indigo,2021,album,Tigercub,,6ekYAO2D1JkI58CF4uRRqw,,0.412,0.59,10,-6.759,1,0.036,0.00308,0.000831,0.206,0.0744,45,31169,brighton indie,"modern alternative rock, modern rock"
37,7rLu9jN4LRqQY1V0YBkMLc,Brainwasher,"[{'external_urls': {'spotify': 'https://open.spotify.com/artist/2bqGPuC8kDCTLWieGOyWxu'}, 'href': 'https://api.spotify.com/v1/artists/2bqGPuC8kDCTLWieGOyWxu', 'id': '2bqGPuC8kDCTLWieGOyWxu', 'name': 'Nox Vahn', 'type': 'artist', 'uri': 'spotify:artist:2bqGPuC8kDCTLWieGOyWxu'}]",3.8709,False,25,2BkPTgBfn5CiMpf5D0BYkX,Brainwasher / Walking With Giants,2019,album,Nox Vahn,,2bqGPuC8kDCTLWieGOyWxu,,0.837,0.758,7,-7.317,1,0.139,0.000272,0.707,0.119,0.253,42,15618,progressive house,
38,3EFXbnkIrWONoI0GdYhfft,In My Head...Or Something,"[{'external_urls': {'spotify': 'https://open.spotify.com/artist/62cvIQKyg3aHsHNgPxzGPT'}, 'href': 'https://api.spotify.com/v1/artists/62cvIQKyg3aHsHNgPxzGPT', 'id': '62cvIQKyg3aHsHNgPxzGPT', 'name': 'Desert Sessions', 'type': 'artist', 'uri': 'spotify:artist:62cvIQKyg3aHsHNgPxzGPT'}]",4.6912,False,34,78uw3Q2MgWqbKM5EGCsKli,The Desert Sessions Volume 9 & 10,2003,album,Desert Sessions,,62cvIQKyg3aHsHNgPxzGPT,,0.443,0.969,2,-2.321,1,0.0684,0.0698,0.000171,0.194,0.274,45,144678,alternative metal,"alternative rock, blues rock, modern alternative rock, modern blues rock, modern rock, palm desert scene, punk blues, stoner rock"
39,54d0j3HaYujmScOTzayvy5,Closer to the Edge,"[{'external_urls': {'spotify': 'https://open.spotify.com/artist/00sAr10UTV1JZtHqxsLVn4'}, 'href': 'https://api.spotify.com/v1/artists/00sAr10UTV1JZtHqxsLVn4', 'id': '00sAr10UTV1JZtHqxsLVn4', 'name': 'Black Mountain', 'type': 'artist', 'uri': 'spotify:artist:00sAr10UTV1JZtHqxsLVn4'}]",2.8962166666666667,False,0,3NWMc0pI8amx5vpl29Em1a,Destroyer,2019,album,Black Mountain,,00sAr10UTV1JZtHqxsLVn4,,0.209,0.134,1,-12.42,1,0.0365,0.286,0.113,0.152,0.0399,38,109681,canadian psychedelic rock,"neo-psychedelic, space rock, stoner rock, vancouver indie"
40,6G40wvmUlCrx5KqGFN5H4X,What Is Real,"[{'external_urls': {'spotify': 'https://open.spotify.com/artist/6Th7POyVfZgiHJQ64ddV5Y'}, 'href': 'https://api.spotify.com/v1/artists/6Th7POyVfZgiHJQ64ddV5Y', 'id': '6Th7POyVfZgiHJQ64ddV5Y', 'name': 'Rodriguez Jr.', 'type': 'artist', 'uri': 'spotify:artist:6Th7POyVfZgiHJQ64ddV5Y'}, {'external_urls': {'spotify': 'https://open.spotify.com/artist/3a8PdRbZ7j6TigKKUukGqv'}, 'href': 'https://api.spotify.com/v1/artists/3a8PdRbZ7j6TigKKUukGqv', 'id': '3a8PdRbZ7j6TigKKUukGqv', 'name': 'Liset Alea', 'type': 'artist', 'uri': 'spotify:artist:3a8PdRbZ7j6TigKKUukGqv'}]",3.7241833333333334,False,49,67QO6UzoSlFcsPTuQR0FCJ,Blisss,2020,album,Rodriguez Jr.,Liset Alea,6Th7POyVfZgiHJQ64ddV5Y,3a8PdRbZ7j6TigKKUukGqv,0.674,0.662,7,-11.16,1,0.233,0.0377,0.00318,0.41,0.322,48,92511,deep disco house,"electronica, french tech house, microhouse, minimal tech house, minimal techno, organic house, tech house"
41,1YzbEChYqIWSWp1fnZy9Ez,The Space In Between,"[{'external_urls': {'spotify': 'https://open.spotify.com/artist/1yDbenrXWhaQij3SCpsXe7'}, 'href': 'https://api.spotify.com/v1/artists/1yDbenrXWhaQij3SCpsXe7', 'id': '1yDbenrXWhaQij3SCpsXe7', 'name': 'How To Destroy Angels', 'type': 'artist', 'uri': 'spotify:artist:1yDbenrXWhaQij3SCpsXe7'}]",3.57515,False,46,3FDtcwMuJ6JrBNzbVBSIaK,How To Destroy Angels,2010,album,How To Destroy Angels,,1yDbenrXWhaQij3SCpsXe7,,0.515,0.855,10,-10.025,1,0.0631,0.388,0.877,0.186,0.229,40,127088,alternative metal,"electronic rock, electronica, industrial metal, industrial rock"
42,4D1eVq5AUILwjg3tAe7o6M,On My Own,"[{'external_urls': {'spotify': 'https://open.spotify.com/artist/0xOeVMOz2fVg5BJY3N6akT'}, 'href': 'https://api.spotify.com/v1/artists/0xOeVMOz2fVg5BJY3N6akT', 'id': '0xOeVMOz2fVg5BJY3N6akT', 'name': 'Jaden', 'type': 'artist', 'uri': 'spotify:artist:0xOeVMOz2fVg5BJY3N6akT'}, {'external_urls': {'spotify': 'https://open.spotify.com/artist/0fA0VVWsXO9YnASrzqfmYu'}, 'href': 'https://api.spotify.com/v1/artists/0fA0VVWsXO9YnASrzqfmYu', 'id': '0fA0VVWsXO9YnASrzqfmYu', 'name': 'Kid Cudi', 'type': 'artist', 'uri': 'spotify:artist:0fA0VVWsXO9YnASrzqfmYu'}]",4.078666666666667,True,63,6cKBoHXh7dKn2gVsGniZ58,ERYS (Deluxe),2019,album,Jaden,Kid Cudi,0xOeVMOz2fVg5BJY3N6akT,0fA0VVWsXO9YnASrzqfmYu,0.344,0.843,1,-3.711,0,0.0422,0.0214,0.00345,0.189,0.219,69,1829548,pop,rap
43,5o8Oj1X4PaFwMFqrcRE41f,Flutes - Sasha remix,"[{'external_urls': {'spotify': 'https://open.spotify.com/artist/37uLId6Z5ZXCx19vuruvv5'}, 'href': 'https://api.spotify.com/v1/artists/37uLId6Z5ZXCx19vuruvv5', 'id': '37uLId6Z5ZXCx19vuruvv5', 'name': 'Hot Chip', 'type': 'artist', 'uri': 'spotify:artist:37uLId6Z5ZXCx19vuruvv5'}, {'external_urls': {'spotify': 'https://open.spotify.com/artist/6u4jLGLPuarS3i2XWHVxoS'}, 'href': 'https://api.spotify.com/v1/artists/6u4jLGLPuarS3i2XWHVxoS', 'id': '6u4jLGLPuarS3i2XWHVxoS', 'name': 'Sasha', 'type': 'artist', 'uri': 'spotify:artist:6u4jLGLPuarS3i2XWHVxoS'}]",9.495766666666666,False,6,7beMB0mRNOgPfrCyNlhXmk,Dark and Stormy,2013,album,Hot Chip,Sasha,37uLId6Z5ZXCx19vuruvv5,6u4jLGLPuarS3i2XWHVxoS,0.786,0.783,1,-7.937,1,0.0421,0.00232,0.529,0.114,0.579,56,649765,alternative dance,"art pop, dance rock, electronica, electropop, indie rock, indietronica, modern rock, neo-synthpop, new rave"
44,7A7ixfhKSwEA2P5yM9FX71,ASHTRAY,"[{'external_urls': {'spotify': 'https://open.spotify.com/artist/5zatdvej2AxogC5pbu2msR'}, 'href': 'https://api.spotify.com/v1/artists/5zatdvej2AxogC5pbu2msR', 'id': '5zatdvej2AxogC5pbu2msR', 'name': 'BERWYN', 'type': 'artist', 'uri': 'spotify:artist:5zatdvej2AxogC5pbu2msR'}]",2.459633333333333,True,35,3SucuvOplRzjCm602c5XuK,DEMOTAPE/VEGA,2020,album,BERWYN,,5zatdvej2AxogC5pbu2msR,,0.719,0.54,7,-12.052,1,0.252,0.274,0.426,0.118,0.411,50,33836,uk alternative hip hop,
45,2AxCeJ6PSsBYiTckM0HLY7,Voodoo Child (Slight Return),"[{'external_urls': {'spotify': 'https://open.spotify.com/artist/776Uo845nYHJpNaStv1Ds4'}, 'href': 'https://api.spotify.com/v1/artists/776Uo845nYHJpNaStv1Ds4', 'id': '776Uo845nYHJpNaStv1Ds4', 'name': 'Jimi Hendrix', 'type': 'artist', 'uri': 'spotify:artist:776Uo845nYHJpNaStv1Ds4'}]",5.222883333333334,False,68,5z090LQztiqh13wYspQvKQ,Electric Ladyland,1968,album,Jimi Hendrix,,776Uo845nYHJpNaStv1Ds4,,0.214,0.91,8,-6.662,1,0.389,0.477,0.00833,0.0517,0.448,71,5951259,acid rock,"album rock, blues rock, classic rock, hard rock, proto-metal, psychedelic rock, rock"
46,6AomCkEOQUODCYzQwH4SWC,Floor Seats,"[{'external_urls': {'spotify': 'https://open.spotify.com/artist/5dHt1vcEm9qb8fCyLcB3HL'}, 'href': 'https://api.spotify.com/v1/artists/5dHt1vcEm9qb8fCyLcB3HL', 'id': '5dHt1vcEm9qb8fCyLcB3HL', 'name': 'A$AP Ferg', 'type': 'artist', 'uri': 'spotify:artist:5dHt1vcEm9qb8fCyLcB3HL'}]",2.6251,True,63,6bI4IQKBcLX0KsTjQ9NR97,Floor Seats,2019,album,A$AP Ferg,,5dHt1vcEm9qb8fCyLcB3HL,,0.705,0.733,5,-4.942,1,0.102,0.069,0.154,0.823,0.681,72,3433929,gangster rap,"hip hop, pop rap, rap, southern hip hop, trap, underground hip hop"
48,21rJCOIQz30T9P4ZMOZBGT,Feel It Still - Flatbush Zombies Remix,"[{'external_urls': {'spotify': 'https://open.spotify.com/artist/4kI8Ie27vjvonwaB2ePh8T'}, 'href': 'https://api.spotify.com/v1/artists/4kI8Ie27vjvonwaB2ePh8T', 'id': '4kI8Ie27vjvonwaB2ePh8T', 'name': 'Portugal. The Man', 'type': 'artist', 'uri': 'spotify:artist:4kI8Ie27vjvonwaB2ePh8T'}, {'external_urls': {'spotify': 'https://open.spotify.com/artist/1dqGS5sT6PE2wEvP1gROZC'}, 'href': 'https://api.spotify.com/v1/artists/1dqGS5sT6PE2wEvP1gROZC', 'id': '1dqGS5sT6PE2wEvP1gROZC', 'name': 'Flatbush Zombies', 'type': 'artist', 'uri': 'spotify:artist:1dqGS5sT6PE2wEvP1gROZC'}]",3.443033333333333,False,42,6wK4nx3a3x32QVfFohfjl1,Feel It Still (The Remixes),2017,album,Portugal. The Man,Flatbush Zombies,4kI8Ie27vjvonwaB2ePh8T,1dqGS5sT6PE2wEvP1gROZC,0.705,0.417,0,-12.742,1,0.2,0.143,0.033,0.395,0.267,65,1346890,modern rock,rock
49,2hqEVdWWsc75OZfAjkI6eu,lucy,"[{'external_urls': {'spotify': 'https://open.spotify.com/artist/1wmiQ6ytATiGnJs6uFluKO'}, 'href': 'https://api.spotify.com/v1/artists/1wmiQ6ytATiGnJs6uFluKO', 'id': '1wmiQ6ytATiGnJs6uFluKO', 'name': 'Jay Som', 'type': 'artist', 'uri': 'spotify:artist:1wmiQ6ytATiGnJs6uFluKO'}]",5.1974,False,25,7IsT1xSegsZ3a92G6BGjYC,"Soccer Mommy & Friends Singles Series, Vol. 1: Jay Som",2020,album,Jay Som,,1wmiQ6ytATiGnJs6uFluKO,,0.282,0.538,9,-8.908,1,0.0328,0.355,0.847,0.408,0.0852,48,116956,art pop,"bay area indie, bubblegrunge, chillwave, indie pop, indie rock, oakland indie, small room"
