songplays_id,track_id,track_name,artists,track_duration,track_is_explicit,track_popularity,track_played_at,album_id,album_name,album_release_year,album_type,artist_name,artist_name_others,artist_id,artist_id_others,track_danceability,track_energy,track_key,track_loudness,track_mode,track_speechiness,track_acousticness,track_instrumentalness,track_liveness,track_valence,artist_popularity,artist_followers,artist_genre,artist_genre_others
1,18Xjl0R0TfUwJYIKOu9pCg,Inkeri,"[{'external_urls': {'spotify': 'https://open.spotify.com/artist/4dktzc5hWsQPqmovObGZIG'}, 'href': 'https://api.spotify.com/v1/artists/4dktzc5hWsQPqmovObGZIG', 'id': '4dktzc5hWsQPqmovObGZIG', 'name': 'Tor', 'type': 'artist', 'uri': 'spotify:artist:4dktzc5hWsQPqmovObGZIG'}]",3.383183333333333,False,53,2022-12-25 15:18:07,1fMJt0hbDIaB4RAQNODv10,Oasis Sky,2021,album,Tor,,4dktzc5hWsQPqmovObGZIG,,0.659,0.73,11,-10.74,0,0.0368,0.0889,0.857,0.355,0.0795,45,33809,electronica,erotic product
2,0crGQOAC26k8JOCyeySGG4,Daffodils,"[{'external_urls': {'spotify': 'https://open.spotify.com/artist/46xbeTrtjYfCObCHTlGOPW'}, 'href': 'https://api.spotify.com/v1/artists/46xbeTrtjYfCObCHTlGOPW', 'id': '46xbeTrtjYfCObCHTlGOPW', 'name': 'Jacaszek', 'type': 'artist', 'uri': 'spotify:artist:46xbeTrtjYfCObCHTlGOPW'}]",5.0175,False,37,2022-12-25 15:08:45,00LMbSQHtHuIOzCVjNSy72,KWIATY,2017,album,Jacaszek,,46xbeTrtjYfCObCHTlGOPW,,0.406,0.368,2,-12.666,0,0.0293,0.261,0.69,0.16,0.12,25,13822,dark jazz,"drone, polish ambient, polish experimental electronic"
3,2f4IuijXLxYOeBncS60GUD,Crazy In Love - Remix,"[{'external_urls': {'spotify': 'https://open.spotify.com/artist/6vWDO969PvNqNYHIOW5v0m'}, 'href': 'https://api.spotify.com/v1/artists/6vWDO969PvNqNYHIOW5v0m', 'id': '6vWDO969PvNqNYHIOW5v0m', 'name': 'Beyoncé', 'type': 'artist', 'uri': 'spotify:artist:6vWDO969PvNqNYHIOW5v0m'}]",3.7733333333333334,False,67,2022-12-25 14:38:27,1JSCfr9YFx7SAP8sAYS5vx,Crazy In Love (Remix),2015,album,Beyoncé,,6vWDO969PvNqNYHIOW5v0m,,0.23,0.694,7,-6.828,0,0.109,0.0619,0.00191,0.112,0.26,87,33026520,dance pop,"pop, r&b"
4,7mkZNftCGSRpHeyuUEmgc4,Ivy - Sundreamer Piano Version,"[{'external_urls': {'spotify': 'https://open.spotify.com/artist/5BCLvW3qaUm39VjiZ8INmm'}, 'href': 'https://api.spotify.com/v1/artists/5BCLvW3qaUm39VjiZ8INmm', 'id': '5BCLvW3qaUm39VjiZ8INmm', 'name': 'edapollo', 'type': 'artist', 'uri': 'spotify:artist:5BCLvW3qaUm39VjiZ8INmm'}, {'external_urls': {'spotify': 'https://open.spotify.com/artist/40LG0ZgaIlEWo1mwGNp4yo'}, 'href': 'https://api.spotify.com/v1/artists/40LG0ZgaIlEWo1mwGNp4yo', 'id': '40LG0ZgaIlEWo1mwGNp4yo', 'name': 'Sundreamer', 'type': 'artist', 'uri': 'spotify:artist:40LG0ZgaIlEWo1mwGNp4yo'}]",2.8377666666666665,False,37,2022-12-23 05:41:46,0msCl3t4naiTgFZB4tgbvq,Ivy (Sundreamer Piano Version),2021,album,edapollo,Sundreamer,5BCLvW3qaUm39VjiZ8INmm,40LG0ZgaIlEWo1mwGNp4yo,0.276,0.0965,8,-23.228,1,0.0346,0.938,0.825,0.105,0.039,45,12703,,
5,05dSBiLCoysldGDFX5y8Ps,All You Need to See (Clever Intro),"[{'external_urls': {'spotify': 'https://open.spotify.com/artist/2AmHV6vxRxvHdlxSHxnHE9'}, 'href': 'https://api.spotify.com/v1/artists/2AmHV6vxRxvHdlxSHxnHE9', 'id': '2AmHV6vxRxvHdlxSHxnHE9', 'name': 'Matt Lange', 'type': 'artist', 'uri': 'spotify:artist:2AmHV6vxRxvHdlxSHxnHE9'}]",1.202,False,39,2022-12-23 05:37:51,2dfjYCFFPUQUSSTKDcaiS4,All You Need to See,2017,album,Matt Lange,,2AmHV6vxRxvHdlxSHxnHE9,,0.328,0.34,0,-20.37,1,0.0524,0.917,0.909,0.148,0.0619,42,30987,progressive house,progressive trance house
6,4hIjfcWeaUIg5JIgFsqyXj,Everything In Its Right Place,"[{'external_urls': {'spotify': 'https://open.spotify.com/artist/3V0CkmupRFH97LSOafzfbc'}, 'href': 'https://api.spotify.com/v1/artists/3V0CkmupRFH97LSOafzfbc', 'id': '3V0CkmupRFH97LSOafzfbc', 'name': 'Third Son', 'type': 'artist', 'uri': 'spotify:artist:3V0CkmupRFH97LSOafzfbc'}]",5.269833333333334,False,35,2022-12-23 05:32:26,0IyUMNyvIsMMm1v6WyQ2oQ,Everything In Its Right Place,2021,album,Third Son,,3V0CkmupRFH97LSOafzfbc,,0.717,0.828,1,-8.609,1,0.0367,0.163,0.875,0.0716,0.423,30,6198,,
7,2LD2gT7gwAurzdQDQtILds,Veridis Quo,"[{'external_urls': {'spotify': 'https://open.spotify.com/artist/4tZwfgrHOc3mvqYlEYSvVi'}, 'href': 'https://api.spotify.com/v1/artists/4tZwfgrHOc3mvqYlEYSvVi', 'id': '4tZwfgrHOc3mvqYlEYSvVi', 'name': 'Daft Punk', 'type': 'artist', 'uri': 'spotify:artist:4tZwfgrHOc3mvqYlEYSvVi'}]",5.7531,False,68,2022-12-23 04:52:40,2noRn2Aes5aoNVsU6iWThc,Discovery,2001,album,Daft Punk,,4tZwfgrHOc3mvqYlEYSvVi,,0.605,0.687,9,-13.928,0,0.045,0.479,0.949,0.104,0.12,81,9086800,electro,filter house
8,3i0IiglJ0nzjxlpU3s7wXr,Night Owl,"[{'external_urls': {'spotify': 'https://open.spotify.com/artist/30J2BZr9IIoch7Sj47xtpD'}, 'href': 'https://api.spotify.com/v1/artists/30J2BZr9IIoch7Sj47xtpD', 'id': '30J2BZr9IIoch7Sj47xtpD', 'name': 'Cihangir Aslan', 'type': 'artist', 'uri': 'spotify:artist:30J2BZr9IIoch7Sj47xtpD'}, {'external_urls': {'spotify': 'https://open.spotify.com/artist/0EmioUrT5ZIveHOQnDcTGM'}, 'href': 'https://api.spotify.com/v1/artists/0EmioUrT5ZIveHOQnDcTGM', 'id': '0EmioUrT5ZIveHOQnDcTGM', 'name': 'Dilan Balkay', 'type': 'artist', 'uri': 'spotify:artist:0EmioUrT5ZIveHOQnDcTGM'}]",6.268033333333333,False,44,2022-12-22 18:36:12,0eJCk5W0VKQ4qIuoAhn5ns,Night Owl,2021,album,Cihangir Aslan,Dilan Balkay,30J2BZr9IIoch7Sj47xtpD,0EmioUrT5ZIveHOQnDcTGM,0.542,0.521,4,-12.566,0,0.104,0.884,0.914,0.124,0.176,30,2849,,
9,6cofOcVh37qyVEuBBVd6Wi,The Warehouse,"[{'external_urls': {'spotify': 'https://open.spotify.com/artist/62rW7FjQy7clhBDHuumg22'}, 'href': 'https://api.spotify.com/v1/artists/62rW7FjQy7clhBDHuumg22', 'id': '62rW7FjQy7clhBDHuumg22', 'name': 'The M Machine', 'type': 'artist', 'uri': 'spotify:artist:62rW7FjQy7clhBDHuumg22'}]",2.433333333333333,False,40,2022-12-22 18:29:30,7sQt3KcCaK8Xky9F1oatJn,Glare,2017,album,The M Machine,,62rW7FjQy7clhBDHuumg22,,0.603,0.309,0,-10.226,1,0.0412,0.365,0.961,0.0975,0.0964,33,48243,complextro,electro house
10,5oVbaTDGaCgaaVYk2jHUdy,Claudi,"[{'external_urls': {'spotify': 'https://open.spotify.com/artist/1PTEiCpkzNkLNgMi1LL8JR'}, 'href': 'https://api.spotify.com/v1/artists/1PTEiCpkzNkLNgMi1LL8JR', 'id': '1PTEiCpkzNkLNgMi1LL8JR', 'name': 'Laurence Guy', 'type': 'artist', 'uri': 'spotify:artist:1PTEiCpkzNkLNgMi1LL8JR'}]",2.903216666666667,False,49,2022-12-22 18:27:41,4bOmpYAT4xXVEEQRL9QNVk,Saw You for the First Time,2017,album,Laurence Guy,,1PTEiCpkzNkLNgMi1LL8JR,,0.426,0.304,7,-14.735,1,0.0342,0.932,0.933,0.105,0.0358,49,46897,deep house,"disco house, electronica, float house"
11,4X8vyPKnqXurF8tJcgZJUC,Hanging D - Max Cooper Remix,"[{'external_urls': {'spotify': 'https://open.spotify.com/artist/2VKfXEWzhUi9siHBDTI02Y'}, 'href': 'https://api.spotify.com/v1/artists/2VKfXEWzhUi9siHBDTI02Y', 'id': '2VKfXEWzhUi9siHBDTI02Y', 'name': 'Joep Beving', 'type': 'artist', 'uri': 'spotify:artist:2VKfXEWzhUi9siHBDTI02Y'}, {'external_urls': {'spotify': 'https://open.spotify.com/artist/0WSSKmoRbxqLf3MnXInQ2J'}, 'href': 'https://api.spotify.com/v1/artists/0WSSKmoRbxqLf3MnXInQ2J', 'id': '0WSSKmoRbxqLf3MnXInQ2J', 'name': 'Max Cooper', 'type': 'artist', 'uri': 'spotify:artist:0WSSKmoRbxqLf3MnXInQ2J'}]",5.090033333333333,False,37,2022-12-22 18:19:16,1yEeSe2Y3oe91BN2rhWR48,Hanging D (Max Cooper Remix),2021,album,Joep Beving,Max Cooper,2VKfXEWzhUi9siHBDTI02Y,0WSSKmoRbxqLf3MnXInQ2J,0.418,0.506,2,-12.372,0,0.0339,0.699,0.973,0.113,0.0816,61,217807,compositional ambient,neo-classical
12,1F7wFVvXwazyZdy4jq3Bj8,Head Above The Parakeets,"[{'external_urls': {'spotify': 'https://open.spotify.com/artist/0pkLgeB9j465x1QB2kRoy4'}, 'href': 'https://api.spotify.com/v1/artists/0pkLgeB9j465x1QB2kRoy4', 'id': '0pkLgeB9j465x1QB2kRoy4', 'name': 'HAAi', 'type': 'artist', 'uri': 'spotify:artist:0pkLgeB9j465x1QB2kRoy4'}]",7.267533333333334,False,26,2022-12-22 18:09:50,6SJSwXUsU7XAuI32YfX2iC,Put Your Head Above The Parakeets,2020,album,HAAi,,0pkLgeB9j465x1QB2kRoy4,,0.43,0.631,1,-11.449,1,0.0378,0.00371,0.228,0.331,0.0402,51,34080,australian experimental,electronica
13,4u4kVqtHSNULrl0esijmbK,God Knows We Tried,"[{'external_urls': {'spotify': 'https://open.spotify.com/artist/2W5iJGVOD94ioSvjS8x8Yu'}, 'href': 'https://api.spotify.com/v1/artists/2W5iJGVOD94ioSvjS8x8Yu', 'id': '2W5iJGVOD94ioSvjS8x8Yu', 'name': 'Hugo Massien', 'type': 'artist', 'uri': 'spotify:artist:2W5iJGVOD94ioSvjS8x8Yu'}]",6.227766666666667,False,29,2022-12-22 18:04:57,3fp6XL68wHbPJjL6gWfzGM,God Knows We Tried,2021,album,Hugo Massien,,2W5iJGVOD94ioSvjS8x8Yu,,0.671,0.706,7,-13.091,0,0.0548,0.352,0.92,0.146,0.512,27,6176,experimental house,float house
14,4M7bnpKyvmXMuoZe10hnki,Keep Shimmering,"[{'external_urls': {'spotify': 'https://open.spotify.com/artist/36tUphbhaRrmHNS6reORr5'}, 'href': 'https://api.spotify.com/v1/artists/36tUphbhaRrmHNS6reORr5', 'id': '36tUphbhaRrmHNS6reORr5', 'name': 'Tom VR', 'type': 'artist', 'uri': 'spotify:artist:36tUphbhaRrmHNS6reORr5'}]",4.397366666666667,False,49,2022-12-22 17:45:59,1gNXxhIfHLXttmjKSC1TDV,Please Keep Shimmering,2021,album,Tom VR,,36tUphbhaRrmHNS6reORr5,,0.616,0.648,1,-9.085,0,0.12,0.196,0.755,0.0903,0.0513,39,8816,float house,lo-fi house
15,0mThH0uqT9pmj5cCS7Oeoj,The Ladder,"[{'external_urls': {'spotify': 'https://open.spotify.com/artist/5nPOO9iTcrs9k6yFffPxjH'}, 'href': 'https://api.spotify.com/v1/artists/5nPOO9iTcrs9k6yFffPxjH', 'id': '5nPOO9iTcrs9k6yFffPxjH', 'name': 'Röyksopp', 'type': 'artist', 'uri': 'spotify:artist:5nPOO9iTcrs9k6yFffPxjH'}]",5.558666666666666,False,41,2022-12-22 17:29:30,42EOGihk8LGxmFHtTHPLSi,The Ladder,2022,album,Röyksopp,,5nPOO9iTcrs9k6yFffPxjH,,0.628,0.484,5,-11.867,0,0.0249,0.548,0.909,0.119,0.297,63,811395,alternative dance,"downtempo, electronica, electropop, trip hop"
16,1S9N0MuXeSajQo0EcGgM3A,White Picket Fence,"[{'external_urls': {'spotify': 'https://open.spotify.com/artist/3TsEEdpuuCN1G0dPxV4uOA'}, 'href': 'https://api.spotify.com/v1/artists/3TsEEdpuuCN1G0dPxV4uOA', 'id': '3TsEEdpuuCN1G0dPxV4uOA', 'name': 'Koreless', 'type': 'artist', 'uri': 'spotify:artist:3TsEEdpuuCN1G0dPxV4uOA'}]",2.973333333333333,False,31,2022-12-22 17:24:29,1AHfQkKelaUKhCXXn9kr1C,White Picket Fence,2021,album,Koreless,,3TsEEdpuuCN1G0dPxV4uOA,,0.548,0.466,5,-9.684,0,0.0344,0.489,0.0403,0.0844,0.0389,33,38036,deconstructed club,"electronica, future garage, scottish electronic, uk bass, weightless"
17,7q42RrxgVbwqHrFUIj6w4E,Open Doors,"[{'external_urls': {'spotify': 'https://open.spotify.com/artist/4G1BTcGLvvsItegHSvBH0y'}, 'href': 'https://api.spotify.com/v1/artists/4G1BTcGLvvsItegHSvBH0y', 'id': '4G1BTcGLvvsItegHSvBH0y', 'name': 'dBridge', 'type': 'artist', 'uri': 'spotify:artist:4G1BTcGLvvsItegHSvBH0y'}]",3.386216666666667,False,22,2022-12-22 17:15:06,0WXEIsq4MYVxkK7Ap3YIfM,Inhibited LP,2020,album,dBridge,,4G1BTcGLvvsItegHSvBH0y,,0.432,0.665,1,-15.15,1,0.0406,0.465,0.889,0.232,0.164,30,20820,drum and bass,"drumfunk, liquid funk, minimal dnb, uk bass, uk dnb"
18,7q42RrxgVbwqHrFUIj6w4E,Open Doors,"[{'external_urls': {'spotify': 'https://open.spotify.com/artist/4G1BTcGLvvsItegHSvBH0y'}, 'href': 'https://api.spotify.com/v1/artists/4G1BTcGLvvsItegHSvBH0y', 'id': '4G1BTcGLvvsItegHSvBH0y', 'name': 'dBridge', 'type': 'artist', 'uri': 'spotify:artist:4G1BTcGLvvsItegHSvBH0y'}]",3.386216666666667,False,22,2022-12-22 17:11:34,0WXEIsq4MYVxkK7Ap3YIfM,Inhibited LP,2020,album,dBridge,,4G1BTcGLvvsItegHSvBH0y,,0.432,0.665,1,-15.15,1,0.0406,0.465,0.889,0.232,0.164,30,20820,drum and bass,"drumfunk, liquid funk, minimal dnb, uk bass, uk dnb"
19,7q42RrxgVbwqHrFUIj6w4E,Open Doors,"[{'external_urls': {'spotify': 'https://open.spotify.com/artist/4G1BTcGLvvsItegHSvBH0y'}, 'href': 'https://api.spotify.com/v1/artists/4G1BTcGLvvsItegHSvBH0y', 'id': '4G1BTcGLvvsItegHSvBH0y', 'name': 'dBridge', 'type': 'artist', 'uri': 'spotify:artist:4G1BTcGLvvsItegHSvBH0y'}]",3.386216666666667,False,22,2022-12-22 17:06:18,0WXEIsq4MYVxkK7Ap3YIfM,Inhibited LP,2020,album,dBridge,,4G1BTcGLvvsItegHSvBH0y,,0.432,0.665,1,-15.15,1,0.0406,0.465,0.889,0.232,0.164,30,20820,drum and bass,"drumfunk, liquid funk, minimal dnb, uk bass, uk dnb"
20,7q42RrxgVbwqHrFUIj6w4E,Open Doors,"[{'external_urls': {'spotify': 'https://open.spotify.com/artist/4G1BTcGLvvsItegHSvBH0y'}, 'href': 'https://api.spotify.com/v1/artists/4G1BTcGLvvsItegHSvBH0y', 'id': '4G1BTcGLvvsItegHSvBH0y', 'name': 'dBridge', 'type': 'artist', 'uri': 'spotify:artist:4G1BTcGLvvsItegHSvBH0y'}]",3.386216666666667,False,22,2022-12-22 17:02:59,0WXEIsq4MYVxkK7Ap3YIfM,Inhibited LP,2020,album,dBridge,,4G1BTcGLvvsItegHSvBH0y,,0.432,0.665,1,-15.15,1,0.0406,0.465,0.889,0.232,0.164,30,20820,drum and bass,"drumfunk, liquid funk, minimal dnb, uk bass, uk dnb"
21,0CFeLYd2oDWNFONwZSo65G,Why She Is Hiding in the Other Man's Eyes,"[{'external_urls': {'spotify': 'https://open.spotify.com/artist/2i9OpWjVeuDPilnZ0mgM1L'}, 'href': 'https://api.spotify.com/v1/artists/2i9OpWjVeuDPilnZ0mgM1L', 'id': '2i9OpWjVeuDPilnZ0mgM1L', 'name': '||||||||||||||||||||', 'type': 'artist', 'uri': 'spotify:artist:2i9OpWjVeuDPilnZ0mgM1L'}]",5.073166666666666,False,40,2022-12-22 16:59:15,3PGnyvLbxElUQ6wx30UBG0,Why She Is Hiding in the Other Man's Eyes,2021,album,||||||||||||||||||||,,2i9OpWjVeuDPilnZ0mgM1L,,0.682,0.266,11,-20.196,0,0.0342,0.873,0.876,0.109,0.212,31,12578,,
22,7i1bsnDcFv4dnR4aIPjSGv,Beings of Light,"[{'external_urls': {'spotify': 'https://open.spotify.com/artist/5MKqWyqq5CStK7AhkTvzQF'}, 'href': 'https://api.spotify.com/v1/artists/5MKqWyqq5CStK7AhkTvzQF', 'id': '5MKqWyqq5CStK7AhkTvzQF', 'name': 'Fort Romeau', 'type': 'artist', 'uri': 'spotify:artist:5MKqWyqq5CStK7AhkTvzQF'}]",6.214566666666666,False,33,2022-12-22 16:50:45,3KvI086EChgYtumVqRzDWM,Beings of Light,2022,album,Fort Romeau,,5MKqWyqq5CStK7AhkTvzQF,,0.516,0.575,10,-10.101,0,0.0478,0.401,0.813,0.132,0.061,40,36581,electronica,"float house, microhouse"
23,7g6zG8DhkZoqhbTk5j0lbB,FAST LAND,"[{'external_urls': {'spotify': 'https://open.spotify.com/artist/2exkZbmNqMKnT8LRWuxWgy'}, 'href': 'https://api.spotify.com/v1/artists/2exkZbmNqMKnT8LRWuxWgy', 'id': '2exkZbmNqMKnT8LRWuxWgy', 'name': 'Moderat', 'type': 'artist', 'uri': 'spotify:artist:2exkZbmNqMKnT8LRWuxWgy'}]",3.6502333333333334,False,53,2022-12-22 16:43:16,7coOKcB1fDcYvLG1OTv4Dz,MORE D4TA,2022,album,Moderat,,2exkZbmNqMKnT8LRWuxWgy,,0.424,0.621,2,-9.131,1,0.0398,0.0276,0.932,0.133,0.0407,58,640254,alternative dance,"electronica, minimal techno, new rave"
24,6vgKp2NPUwUQitWq91ERFr,Mine Still,"[{'external_urls': {'spotify': 'https://open.spotify.com/artist/01HA8nSRbC91E9J0KvzcKO'}, 'href': 'https://api.spotify.com/v1/artists/01HA8nSRbC91E9J0KvzcKO', 'id': '01HA8nSRbC91E9J0KvzcKO', 'name': 'Ameena', 'type': 'artist', 'uri': 'spotify:artist:01HA8nSRbC91E9J0KvzcKO'}]",2.5016,True,28,2022-12-22 16:31:39,0Qh4kjRiOJKeMCt4Z2kM8U,Marigold,2022,album,Ameena,,01HA8nSRbC91E9J0KvzcKO,,0.776,0.435,5,-8.857,1,0.283,0.195,0.0,0.0966,0.484,23,4857,,
25,1hGC3T1JMry5ogVtuCymqU,We Do,"[{'external_urls': {'spotify': 'https://open.spotify.com/artist/0UcZO4hPoRZLFJWdKh8hBA'}, 'href': 'https://api.spotify.com/v1/artists/0UcZO4hPoRZLFJWdKh8hBA', 'id': '0UcZO4hPoRZLFJWdKh8hBA', 'name': 'Sofija', 'type': 'artist', 'uri': 'spotify:artist:0UcZO4hPoRZLFJWdKh8hBA'}]",2.8737833333333334,False,27,2022-12-22 12:30:25,4EDtBVf818eXWzU04XVUWa,We Do,2022,album,Sofija,,0UcZO4hPoRZLFJWdKh8hBA,,0.562,0.39,0,-5.969,1,0.0303,0.701,0.0,0.141,0.154,11,177,,
26,4frLb7nWtsz2ymBE6k2GRP,Earned It (Fifty Shades Of Grey),"[{'external_urls': {'spotify': 'https://open.spotify.com/artist/1Xyo4u8uXC1ZmMpatF05PJ'}, 'href': 'https://api.spotify.com/v1/artists/1Xyo4u8uXC1ZmMpatF05PJ', 'id': '1Xyo4u8uXC1ZmMpatF05PJ', 'name': 'The Weeknd', 'type': 'artist', 'uri': 'spotify:artist:1Xyo4u8uXC1ZmMpatF05PJ'}]",4.628,True,76,2022-12-22 12:27:32,0P3oVJBFOv3TDXlYRhGL7s,Beauty Behind The Madness,2015,album,The Weeknd,,1Xyo4u8uXC1ZmMpatF05PJ,,0.659,0.291,2,-8.275,0,0.0348,0.405,0.0,0.0771,0.406,96,54944379,canadian contemporary r&b,"canadian pop, pop"
27,0rGX0tXzE5wkrLJkNVIKhz,Just Might,"[{'external_urls': {'spotify': 'https://open.spotify.com/artist/2PlHavhSB9VOrdjgAwaUEj'}, 'href': 'https://api.spotify.com/v1/artists/2PlHavhSB9VOrdjgAwaUEj', 'id': '2PlHavhSB9VOrdjgAwaUEj', 'name': 'Aya Ito', 'type': 'artist', 'uri': 'spotify:artist:2PlHavhSB9VOrdjgAwaUEj'}]",3.6117666666666666,False,36,2022-12-22 12:22:54,7iA6yNL3hOWGJYHKP2WbzQ,Just Might,2022,album,Aya Ito,,2PlHavhSB9VOrdjgAwaUEj,,0.878,0.286,1,-12.417,1,0.13,0.413,0.0,0.104,0.502,19,36928,,
28,6RPWLHrulSvhzxst9poLN3,Desire,"[{'external_urls': {'spotify': 'https://open.spotify.com/artist/5z7jsdhxqvsOxzZxfVF236'}, 'href': 'https://api.spotify.com/v1/artists/5z7jsdhxqvsOxzZxfVF236', 'id': '5z7jsdhxqvsOxzZxfVF236', 'name': 'Cut Snake', 'type': 'artist', 'uri': 'spotify:artist:5z7jsdhxqvsOxzZxfVF236'}]",5.773833333333333,False,35,2022-12-21 18:28:09,4M0BtPkQfmBqwsDtHwBV2X,Want It All,2018,album,Cut Snake,,5z7jsdhxqvsOxzZxfVF236,,0.795,0.685,8,-7.079,1,0.0456,0.00762,0.858,0.0657,0.23,32,17903,bass house,
29,01OXa5tVuCssU6j8TY7kxr,Words,"[{'external_urls': {'spotify': 'https://open.spotify.com/artist/0wz0jO9anccPzH04N7FLBH'}, 'href': 'https://api.spotify.com/v1/artists/0wz0jO9anccPzH04N7FLBH', 'id': '0wz0jO9anccPzH04N7FLBH', 'name': 'Low', 'type': 'artist', 'uri': 'spotify:artist:0wz0jO9anccPzH04N7FLBH'}]",5.8133333333333335,False,50,2022-12-21 18:18:09,61dByu8oBt4qdym9Rkz39w,I Could Live In Hope,1994,album,Low,,0wz0jO9anccPzH04N7FLBH,,0.347,0.209,5,-15.268,1,0.0262,0.0931,0.617,0.103,0.229,55,229019,alternative rock,"art pop, chamber psych, dream pop, duluth indie, indie rock, melancholia, slowcore"
30,74XDe6nEQtExQUvrWcs1cW,Ten Girls,"[{'external_urls': {'spotify': 'https://open.spotify.com/artist/3pS4Tt6b6z9B6WUu5RGvWc'}, 'href': 'https://api.spotify.com/v1/artists/3pS4Tt6b6z9B6WUu5RGvWc', 'id': '3pS4Tt6b6z9B6WUu5RGvWc', 'name': 'Circe', 'type': 'artist', 'uri': 'spotify:artist:3pS4Tt6b6z9B6WUu5RGvWc'}]",3.2311,True,42,2022-12-21 18:12:02,7dQQoDm0OsVTktVbIqF0W4,She's Made Of Saints,2020,album,Circe,,3pS4Tt6b6z9B6WUu5RGvWc,,0.412,0.632,5,-7.876,1,0.077,0.0328,0.518,0.144,0.208,26,1725,brighton indie,
31,6Axm9F42ba7Ygnl00jnmae,The Reflecting Pool,"[{'external_urls': {'spotify': 'https://open.spotify.com/artist/3s596fAjCmoXEGdAZLy8EW'}, 'href': 'https://api.spotify.com/v1/artists/3s596fAjCmoXEGdAZLy8EW', 'id': '3s596fAjCmoXEGdAZLy8EW', 'name': 'delving', 'type': 'artist', 'uri': 'spotify:artist:3s596fAjCmoXEGdAZLy8EW'}]",9.500433333333334,False,34,2022-12-21 18:08:20,2KG51JDtjZGfxM2usME9SM,Hirschbrunnen,2021,album,delving,,3s596fAjCmoXEGdAZLy8EW,,0.255,0.485,2,-12.931,0,0.0337,0.0632,0.846,0.151,0.0389,26,5165,,
46,6Axm9F42ba7Ygnl00jnmae,The Reflecting Pool,"[{'external_urls': {'spotify': 'https://open.spotify.com/artist/3s596fAjCmoXEGdAZLy8EW'}, 'href': 'https://api.spotify.com/v1/artists/3s596fAjCmoXEGdAZLy8EW', 'id': '3s596fAjCmoXEGdAZLy8EW', 'name': 'delving', 'type': 'artist', 'uri': 'spotify:artist:3s596fAjCmoXEGdAZLy8EW'}]",9.500433333333334,False,34,2022-12-21 09:45:59,2KG51JDtjZGfxM2usME9SM,Hirschbrunnen,2021,album,delving,,3s596fAjCmoXEGdAZLy8EW,,0.255,0.485,2,-12.931,0,0.0337,0.0632,0.846,0.151,0.0389,26,5165,,
32,0aPrTlWUf2nmDkC9gcP5kZ,Olson,"[{'external_urls': {'spotify': 'https://open.spotify.com/artist/2VAvhf61GgLYmC6C8anyX1'}, 'href': 'https://api.spotify.com/v1/artists/2VAvhf61GgLYmC6C8anyX1', 'id': '2VAvhf61GgLYmC6C8anyX1', 'name': 'Boards of Canada', 'type': 'artist', 'uri': 'spotify:artist:2VAvhf61GgLYmC6C8anyX1'}]",1.5284333333333333,False,61,2022-12-21 18:02:33,1vWnB0hYmluskQuzxwo25a,Music Has The Right To Children,1998,album,Boards of Canada,,2VAvhf61GgLYmC6C8anyX1,,0.223,0.0138,5,-32.843,0,0.0294,0.937,0.916,0.13,0.0357,59,542427,ambient,"electronica, intelligent dance music, scottish electronic, trip hop"
33,3crIPMD4CG88WUUMJcyvzn,Light Bulb - Shlohmo Remix,"[{'external_urls': {'spotify': 'https://open.spotify.com/artist/5RwI5ghnexeunsvJsZ1rDQ'}, 'href': 'https://api.spotify.com/v1/artists/5RwI5ghnexeunsvJsZ1rDQ', 'id': '5RwI5ghnexeunsvJsZ1rDQ', 'name': 'Perera Elsewhere', 'type': 'artist', 'uri': 'spotify:artist:5RwI5ghnexeunsvJsZ1rDQ'}, {'external_urls': {'spotify': 'https://open.spotify.com/artist/6y80I9YZi4DOpbaSUlL725'}, 'href': 'https://api.spotify.com/v1/artists/6y80I9YZi4DOpbaSUlL725', 'id': '6y80I9YZi4DOpbaSUlL725', 'name': 'Shlohmo', 'type': 'artist', 'uri': 'spotify:artist:6y80I9YZi4DOpbaSUlL725'}]",4.666666666666667,False,6,2022-12-21 17:59:54,6GeyfcSkwZjA2lBczF7txN,Everlast (Deluxe Edition),2014,album,Perera Elsewhere,Shlohmo,5RwI5ghnexeunsvJsZ1rDQ,6y80I9YZi4DOpbaSUlL725,0.372,0.662,0,-5.47,1,0.0577,0.0099,0.821,0.0928,0.0649,24,7179,pakistani indie,
34,0FVuyC9RP5MACjp4lgU3qZ,I'm God,"[{'external_urls': {'spotify': 'https://open.spotify.com/artist/5vSQUyT33qxr1xAX2Tkf3A'}, 'href': 'https://api.spotify.com/v1/artists/5vSQUyT33qxr1xAX2Tkf3A', 'id': '5vSQUyT33qxr1xAX2Tkf3A', 'name': 'Clams Casino', 'type': 'artist', 'uri': 'spotify:artist:5vSQUyT33qxr1xAX2Tkf3A'}, {'external_urls': {'spotify': 'https://open.spotify.com/artist/6Xb4ezwoAQC4516kI89nWz'}, 'href': 'https://api.spotify.com/v1/artists/6Xb4ezwoAQC4516kI89nWz', 'id': '6Xb4ezwoAQC4516kI89nWz', 'name': 'Imogen Heap', 'type': 'artist', 'uri': 'spotify:artist:6Xb4ezwoAQC4516kI89nWz'}]",4.6285,False,64,2022-12-21 17:54:40,66eXLlqksAwNndmHaHWtCq,Instrumental Relics,2020,album,Clams Casino,Imogen Heap,5vSQUyT33qxr1xAX2Tkf3A,6Xb4ezwoAQC4516kI89nWz,0.529,0.641,2,-6.78,1,0.0336,0.0711,0.76,0.102,0.089,59,220856,experimental hip hop,psychedelic hip hop
35,65TftI9vk8lzxDERCA5YXO,Put It,"[{'external_urls': {'spotify': 'https://open.spotify.com/artist/6y80I9YZi4DOpbaSUlL725'}, 'href': 'https://api.spotify.com/v1/artists/6y80I9YZi4DOpbaSUlL725', 'id': '6y80I9YZi4DOpbaSUlL725', 'name': 'Shlohmo', 'type': 'artist', 'uri': 'spotify:artist:6y80I9YZi4DOpbaSUlL725'}]",4.803416666666666,False,24,2022-12-21 17:50:02,4r6Uub2WKJqT1xEE2cTUWn,Laid Out - EP,2013,album,Shlohmo,,6y80I9YZi4DOpbaSUlL725,,0.396,0.544,2,-10.386,1,0.0387,0.00168,0.791,0.0848,0.0757,48,237633,downtempo,"electronica, glitch, uk bass, wonky"
37,43b2628rQP5kzczgGhlAwB,Send Help,"[{'external_urls': {'spotify': 'https://open.spotify.com/artist/6y80I9YZi4DOpbaSUlL725'}, 'href': 'https://api.spotify.com/v1/artists/6y80I9YZi4DOpbaSUlL725', 'id': '6y80I9YZi4DOpbaSUlL725', 'name': 'Shlohmo', 'type': 'artist', 'uri': 'spotify:artist:6y80I9YZi4DOpbaSUlL725'}]",4.373983333333333,False,9,2022-12-21 17:37:34,3yErke3EaUGWPPfZ01aUkF,Rock Music,2019,album,Shlohmo,,6y80I9YZi4DOpbaSUlL725,,0.695,0.66,0,-5.187,1,0.0395,0.0709,0.786,0.0796,0.0384,48,237633,downtempo,"electronica, glitch, uk bass, wonky"
36,2mC1OgIWzIWgin5Sy2GM4Q,No Team,"[{'external_urls': {'spotify': 'https://open.spotify.com/artist/7H4MBMPBs854pxtDjvnU3P'}, 'href': 'https://api.spotify.com/v1/artists/7H4MBMPBs854pxtDjvnU3P', 'id': '7H4MBMPBs854pxtDjvnU3P', 'name': 'Lewis James', 'type': 'artist', 'uri': 'spotify:artist:7H4MBMPBs854pxtDjvnU3P'}, {'external_urls': {'spotify': 'https://open.spotify.com/artist/1PmVyfIR9KtCxbHWuga8E5'}, 'href': 'https://api.spotify.com/v1/artists/1PmVyfIR9KtCxbHWuga8E5', 'id': '1PmVyfIR9KtCxbHWuga8E5', 'name': 'Lorn', 'type': 'artist', 'uri': 'spotify:artist:1PmVyfIR9KtCxbHWuga8E5'}]",4.68175,False,37,2022-12-21 17:45:13,3LGdwNIDt7pa2IPklnkeyS,The Death Of Habit,2019,album,Lewis James,Lorn,7H4MBMPBs854pxtDjvnU3P,1PmVyfIR9KtCxbHWuga8E5,0.511,0.865,6,-7.402,0,0.0478,0.0777,0.931,0.0874,0.192,26,2301,halftime dnb,
38,4e1U9PAHzyAApXoWPu0gDt,Haunts,"[{'external_urls': {'spotify': 'https://open.spotify.com/artist/5iPtkyoEOCILhwFgl2a2d3'}, 'href': 'https://api.spotify.com/v1/artists/5iPtkyoEOCILhwFgl2a2d3', 'id': '5iPtkyoEOCILhwFgl2a2d3', 'name': 'Bearcubs', 'type': 'artist', 'uri': 'spotify:artist:5iPtkyoEOCILhwFgl2a2d3'}]",6.786883333333333,False,26,2022-12-21 17:28:06,427I0IgwSLt7DDO3YyJ0H0,Haunts,2018,album,Bearcubs,,5iPtkyoEOCILhwFgl2a2d3,,0.775,0.675,7,-10.648,1,0.1,0.303,0.89,0.164,0.0729,46,43484,indie r&b,"indie soul, vapor soul, vapor twitch"
39,7lL2801sMWRUwTaqfQevtI,Had a Dream,"[{'external_urls': {'spotify': 'https://open.spotify.com/artist/0ru1ZJNkRRddceqkIah5Yh'}, 'href': 'https://api.spotify.com/v1/artists/0ru1ZJNkRRddceqkIah5Yh', 'id': '0ru1ZJNkRRddceqkIah5Yh', 'name': 'Maro', 'type': 'artist', 'uri': 'spotify:artist:0ru1ZJNkRRddceqkIah5Yh'}]",2.9938166666666666,False,40,2022-12-21 17:23:22,0EYR5dwivh17s1lgiEoD7N,Words From My Bedroom,2022,album,Maro,,0ru1ZJNkRRddceqkIah5Yh,,0.465,0.473,10,-8.358,0,0.0351,0.671,1.26e-05,0.0935,0.226,41,14792,,
40,5rQyQ558kPkt91AM8DYM98,Blingbass,"[{'external_urls': {'spotify': 'https://open.spotify.com/artist/5r8keKsFxFV8HAEKWR2CZw'}, 'href': 'https://api.spotify.com/v1/artists/5r8keKsFxFV8HAEKWR2CZw', 'id': '5r8keKsFxFV8HAEKWR2CZw', 'name': 'Ebony Enforcer & DJM', 'type': 'artist', 'uri': 'spotify:artist:5r8keKsFxFV8HAEKWR2CZw'}]",4.199716666666666,True,25,2022-12-21 11:19:07,1gc9ONYAPv8opn5Vn82rOK,Blingbass,2022,album,Ebony Enforcer & DJM,,5r8keKsFxFV8HAEKWR2CZw,,0.773,0.502,6,-11.486,1,0.0494,0.0357,0.0226,0.0616,0.596,9,6,,
41,6xu4D3HLgmqNvxrupR2ZCt,What You Need,"[{'external_urls': {'spotify': 'https://open.spotify.com/artist/1HLxq8qDNz2xPJBJTgZPTn'}, 'href': 'https://api.spotify.com/v1/artists/1HLxq8qDNz2xPJBJTgZPTn', 'id': '1HLxq8qDNz2xPJBJTgZPTn', 'name': 'Nanida9', 'type': 'artist', 'uri': 'spotify:artist:1HLxq8qDNz2xPJBJTgZPTn'}]",2.6686833333333335,True,48,2022-12-21 11:14:54,5yFBYYeB21jPi1UBvbAdAS,What You Need,2022,album,Nanida9,,1HLxq8qDNz2xPJBJTgZPTn,,0.608,0.396,10,-9.479,0,0.0323,0.392,0.000154,0.125,0.537,33,781,,
42,3oBP1yX8TlM1MYRufWJ0JN,Acid Rain - Edit,"[{'external_urls': {'spotify': 'https://open.spotify.com/artist/3H938bcSR9IOFINHgafT8A'}, 'href': 'https://api.spotify.com/v1/artists/3H938bcSR9IOFINHgafT8A', 'id': '3H938bcSR9IOFINHgafT8A', 'name': 'Lxury', 'type': 'artist', 'uri': 'spotify:artist:3H938bcSR9IOFINHgafT8A'}]",2.9354833333333334,False,35,2022-12-21 10:35:44,54KavP8ktUg1QOCAC7byvR,"Extra Free, Vol. 1",2018,album,Lxury,,3H938bcSR9IOFINHgafT8A,,0.639,0.619,8,-6.849,1,0.0589,0.000166,0.685,0.171,0.533,19,5,,
43,3uNtRemqrWUHRzpfwoUbf0,Shiver,"[{'external_urls': {'spotify': 'https://open.spotify.com/artist/4mjVQFIgNetwBWatbQROKq'}, 'href': 'https://api.spotify.com/v1/artists/4mjVQFIgNetwBWatbQROKq', 'id': '4mjVQFIgNetwBWatbQROKq', 'name': 'Marley Carroll', 'type': 'artist', 'uri': 'spotify:artist:4mjVQFIgNetwBWatbQROKq'}]",4.792916666666667,False,35,2022-12-21 10:17:06,2Qa26CfRCNCpHJxMOduUUj,Flight Patterns,2018,album,Marley Carroll,,4mjVQFIgNetwBWatbQROKq,,0.709,0.608,0,-14.144,0,0.0441,0.708,0.882,0.0942,0.0716,37,5431,asheville indie,
50,3uNtRemqrWUHRzpfwoUbf0,Shiver,"[{'external_urls': {'spotify': 'https://open.spotify.com/artist/4mjVQFIgNetwBWatbQROKq'}, 'href': 'https://api.spotify.com/v1/artists/4mjVQFIgNetwBWatbQROKq', 'id': '4mjVQFIgNetwBWatbQROKq', 'name': 'Marley Carroll', 'type': 'artist', 'uri': 'spotify:artist:4mjVQFIgNetwBWatbQROKq'}]",4.792916666666667,False,35,2022-12-21 05:27:37,2Qa26CfRCNCpHJxMOduUUj,Flight Patterns,2018,album,Marley Carroll,,4mjVQFIgNetwBWatbQROKq,,0.709,0.608,0,-14.144,0,0.0441,0.708,0.882,0.0942,0.0716,37,5431,asheville indie,
44,1WkzL4XjkAY76sasIUdU6l,Wildfire,"[{'external_urls': {'spotify': 'https://open.spotify.com/artist/5FLN3H4PiuUQMmFzGmcQ96'}, 'href': 'https://api.spotify.com/v1/artists/5FLN3H4PiuUQMmFzGmcQ96', 'id': '5FLN3H4PiuUQMmFzGmcQ96', 'name': 'Natascha Polké', 'type': 'artist', 'uri': 'spotify:artist:5FLN3H4PiuUQMmFzGmcQ96'}]",5.405216666666667,False,51,2022-12-21 10:10:59,4iO74LdA4G9TthnWNIdw3I,Burning Out EP,2021,album,Natascha Polké,,5FLN3H4PiuUQMmFzGmcQ96,,0.713,0.584,5,-11.578,0,0.0327,0.00452,0.321,0.1,0.0441,41,11456,,
45,7rLu9jN4LRqQY1V0YBkMLc,Brainwasher,"[{'external_urls': {'spotify': 'https://open.spotify.com/artist/2bqGPuC8kDCTLWieGOyWxu'}, 'href': 'https://api.spotify.com/v1/artists/2bqGPuC8kDCTLWieGOyWxu', 'id': '2bqGPuC8kDCTLWieGOyWxu', 'name': 'Nox Vahn', 'type': 'artist', 'uri': 'spotify:artist:2bqGPuC8kDCTLWieGOyWxu'}]",3.8709,False,25,2022-12-21 09:49:53,2BkPTgBfn5CiMpf5D0BYkX,Brainwasher / Walking With Giants,2019,album,Nox Vahn,,2bqGPuC8kDCTLWieGOyWxu,,0.837,0.758,7,-7.317,1,0.139,0.000272,0.707,0.119,0.253,42,15618,progressive house,
47,4pSefaBriZ70qtMlIFMtHH,Slowburn Storms,"[{'external_urls': {'spotify': 'https://open.spotify.com/artist/1Knqr98gY1JxSElifR2aNW'}, 'href': 'https://api.spotify.com/v1/artists/1Knqr98gY1JxSElifR2aNW', 'id': '1Knqr98gY1JxSElifR2aNW', 'name': 'Plant43', 'type': 'artist', 'uri': 'spotify:artist:1Knqr98gY1JxSElifR2aNW'}]",7.7041,False,34,2022-12-21 09:41:12,17PkXX1GEZnmKbSa6yU49z,Unknown Structure,2021,album,Plant43,,1Knqr98gY1JxSElifR2aNW,,0.511,0.452,8,-13.24,1,0.039,0.144,0.923,0.132,0.518,22,5070,,
48,4svQanBtJ0kPoLLfJA2XX3,Arrival In Magic Hour - Vocal Mix,"[{'external_urls': {'spotify': 'https://open.spotify.com/artist/6D5qrT7NQXcdvFTtCJNszl'}, 'href': 'https://api.spotify.com/v1/artists/6D5qrT7NQXcdvFTtCJNszl', 'id': '6D5qrT7NQXcdvFTtCJNszl', 'name': 'Kelpe', 'type': 'artist', 'uri': 'spotify:artist:6D5qrT7NQXcdvFTtCJNszl'}]",3.2,False,35,2022-12-21 05:35:12,07B2wG5jEmP8YV1H2vKP6z,Arrival In Magic Hour,2022,album,Kelpe,,6D5qrT7NQXcdvFTtCJNszl,,0.563,0.387,11,-17.688,1,0.0605,0.275,0.925,0.113,0.671,33,29436,deep idm,"drill and bass, intelligent dance music, uk experimental electronic, wonky"
49,02R7wAYY4wPzP2pfM8pR4U,chapter,"[{'external_urls': {'spotify': 'https://open.spotify.com/artist/0ObliAtls0po56kVnacsOd'}, 'href': 'https://api.spotify.com/v1/artists/0ObliAtls0po56kVnacsOd', 'id': '0ObliAtls0po56kVnacsOd', 'name': 'Bugseed', 'type': 'artist', 'uri': 'spotify:artist:0ObliAtls0po56kVnacsOd'}]",1.63635,False,44,2022-12-21 05:32:00,1wVj1xAjEiUoBj45GK9rkM,Fresh Jive,2018,album,Bugseed,,0ObliAtls0po56kVnacsOd,,0.398,0.523,1,-11.209,1,0.0755,0.145,0.803,0.146,0.0332,40,13810,ambeat,"chillhop, japanese beats, jazz boom bap"
